{"Step": 0, "Test_eval": 27.861397927815588, "Test_r2": -308.1931489386402, "Proccess_time": [0.0, 0.1568295955657959], "Train_eval": {"0": 9.859236637720777}, "Train_r2": {"0": -114.61109282335568}, "Val_eval": {"0": 27.73862399736863}, "Weights": [[[-0.15812798768579123], [-0.8417441656950179], [-0.5431822089383914], [-0.11137420109802565], [-0.7838673726921883], [0.01216066435993779], [0.9823238753398514], [-1.1217685702755071], [-0.6362112536121808], [-0.025838262453136918], [0.2525662543426405], [-0.48063251709474325], [-0.6536486769756771], [0.005418191700033992], [-0.2520867217168644], [-0.6697273183887641], [-0.3131034124375524], [0.4371396905585596], [0.06877250680879732], [-1.419275011390725], [-0.1438284168144166]]], "Learning_rate": {"0": 0.001}}