{"Step": 0, "Test_eval": 3934.783706121218, "Test_r2": -43665.44371686263, "Proccess_time": [0.0, 0.4149477481842041], "Train_eval": {"0": 34.72880364678379}, "Train_r2": {"0": -362.2920672068152}, "Val_eval": {"0": 4017.7895612455773}, "Weights": [[[-0.3310673194727769], [-1.0739939308421524], [-0.43924514948269056], [-0.3919352650596947], [-0.7948923617857193], [0.11161245446988532], [0.664547884777086], [-1.2280699962254455], [-0.5742297168635828], [0.06614026000885864], [-0.09544827601212758], [-0.6581949891372991], [-0.6762466375806878], [0.10150019618652995], [-0.17093267737225326], [-1.0432003786064372], [-0.5468616288935731], [0.3420034499051239], [0.09409967287251564], [-1.3069650193592188], [-0.07510137412688311], [-1.2706884786579544], [0.3963620456814363], [-1.2686396950629533], [0.39581257724708263], [0.368316259985781], [-1.1596944099627242], [0.10909722230129004], [0.38669533747517437], [0.23885333947643528], [-0.5464904931675532], [-0.4887497818308332], [-1.5434292392921996], [-0.3412887848278292], [-1.493884701583912], [0.24840628355984717], [0.20277637247013885], [0.228533198581653], [-1.0910035663848185], [0.28677343705901914], [-0.08108834252990671], [-1.2611644332589367], [-0.22292153947378457], [-0.42171029764940493], [-0.8378092857727288], [-1.1330564825451126], [0.15889102836630198], [-1.303551787965353], [-1.2417809941315732], [-1.4368765341909904], [0.05216667661023622], [-0.21571090034331597], [-0.08614548486044238], [-0.8426212880034213], [0.2903539830374242], [-0.8590323718966337], [-0.562573198905114], [-1.3129362269689246], [-0.5438786046534734], [0.12575208038915653], [-1.0434679218990666], [-0.5237649179623484], [-1.1351653610337018], [-1.207297233094962], [-1.5035323126382205], [-1.0154944278206697], [-0.5474030431864338], [-0.3652040607369649], [-1.4734763463905445], [0.06298847933156959], [-1.4652463064278163], [0.1914530655657256], [-0.8969382435342537], [-0.9891280489014508], [-0.9037475613074926], [-0.48621084051939245], [-1.3007683538713875], [-1.0174949185804363], [0.4995812598648477], [-0.6466103589908065], [-1.6640725613391414], [-0.12405063481702838], [0.06289211335459666], [-0.1816196513977807], [-1.1968413857855231], [-0.21916849175119912], [-1.2081040275504127], [-0.635689239985104], [-1.515792879650045], [-1.0626591056018406], [0.11021475129971736], [0.3365509696222717], [0.25971361103887636], [-1.0209516162219416], [-0.19818825882842972], [-1.476986683762476], [-0.07561204638218733], [-0.9280571216017732], [-1.061493180419158], [-1.5528534911693999], [0.031550492708879], [-0.6518294526305869], [0.2971534185369782], [-0.19412473988857526], [-0.7484780562409248], [-0.4570457563302689], [-1.4404500277530952], [0.2706007400242958], [-0.43805199051702826], [-0.40760721609034056], [0.09765398866520703], [-1.1793957666419748], [-0.9001552247138979], [-0.45658317001383364], [-0.5216396160105212], [-1.4747770937829405], [-0.45435003924197137], [-1.370573467808803], [0.16790777674235036], [0.18907575719058967], [-0.5690633187099906], [-1.1547927849019053], [-0.888453752447459], [-0.057307938696518845], [-1.3384348527630356], [-0.9262111156889657], [-0.47502349965004576], [0.02292234689466388], [-1.5392997490420097], [-0.9705227673776604], [0.23096547589602479], [0.33899780601147167], [-0.16010216612599726], [-0.6783085686377767], [-0.11449878292784266], [-0.6865996844472039]]], "Learning_rate": {"0": 0.001}}