{"Weights": [[[1.6134380455019002], [1.3696892971612002], [-1.6187847411769827], [2.0737966085738533], [0.2283382112259511], [-1.1884773017575314]]], "Learning_rate": {"0": 0.01}}