{"Proccess_time": [0.0, 0.37384033203125], "Weights": [[[4.868387574446277e+94], [-1.2725200219381399e+95], [-1.6544173039197558e+95], [-1.3589293802547098e+95], [-2.2525645312205028e+95], [-1.840952199209665e+95], [-1.390537699926007e+95], [-2.2620331232986028e+95], [-2.4598396807368278e+95], [-1.9282084117010485e+95], [-1.407118121713385e+95], [-2.248297208768723e+95], [-2.5207850856796953e+95], [-2.5450176066590755e+95], [-1.965368434312907e+95], [-1.4185537665050328e+95], [-2.2360777454148975e+95], [-2.5261002007359992e+95], [-2.6354711925038245e+95], [-2.577697290107127e+95], [-1.9739234955336052e+95], [-1.4275707483110413e+95], [-2.227379719508863e+95], [-2.5236945936189647e+95], [-2.6571405757103244e+95], [-2.687226509013608e+95], [-2.5809875689039558e+95], [-1.9652229583549878e+95], [-1.435041391875217e+95], [-2.22161908631522e+95], [-2.5216372733012017e+95], [-2.665509918406277e+95], [-2.721799181656574e+95], [-2.7039971178947136e+95], [-2.5662750378458183e+95], [-1.9459636292824433e+95], [-1.441321551031999e+95], [-2.217994212962077e+95], [-2.5212863546496804e+95], [-2.6715866750849025e+95], [-2.739472004019651e+95], [-2.748801048030098e+95], [-2.6992371085249505e+95], [-2.540276636078814e+95], [-1.9203156860187883e+95], [-1.4466156640402986e+95], [-2.2158515228087872e+95], [-2.5225401187969875e+95], [-2.677899918132266e+95], [-2.752703144975686e+95], [-2.774086617680347e+95], [-2.7521652162809784e+95], [-2.680711207219797e+95], [-2.5072681153628466e+95], [-1.8909505927735152e+95], [-1.4510836631344358e+95], [-2.2147234780292046e+95], [-2.5250078575142252e+95], [-2.68488455477307e+95], [-2.7647515784666105e+95], [-2.793079611698915e+95], [-2.783500928351783e+95], [-2.740063747907022e+95], [-2.653318177558624e+95], [-2.4700652236566835e+95], [-1.859611736277582e+95]]], "Learning_rate": {"0": 0.001, "10": 0.001, "20": 0.001, "30": 0.001, "40": 0.001, "50": 0.001, "60": 0.001, "70": 0.001, "80": 0.001, "90": 0.001, "100": 0.001}, "Train_eval": {"0": 23.721059262301743, "10": 1.1319592117952872e+19, "20": 1.0082213741022993e+40, "30": 8.350689602360492e+58, "40": 5.763153841973182e+77, "50": 3.8607242549060244e+96, "60": 8.747905639603704e+116, "70": 2.9152198133196234e+135, "80": 3.0571010686016243e+153, "90": 1.4337055779260769e+172, "100": 1.8882204711034454e+192}, "Val_eval": {"0": 397.02798475440125, "10": 9.520541331217432e+20, "20": 1.1274691849585715e+42, "30": 5.0794976538214e+60, "40": 3.1924431155136565e+79, "50": 6.257668182232592e+98, "60": 4.427194173403691e+118, "70": 3.998707208176163e+137, "80": 3.592287091632986e+155, "90": 1.355275098815443e+174, "100": 1.562192013642675e+194}}