{"Step": 0, "Test_eval": 386.526428624293, "Test_r2": -4288.494874736234, "Proccess_time": [0.0, 0.2513265609741211], "Train_eval": {"0": 23.721059262301743}, "Train_r2": {"0": -247.28478243742717}, "Val_eval": {"0": 397.02798475440125}, "Weights": [[[-0.21489908160964627], [-0.6030201448763313], [-1.0149701090618999], [0.07432496166833374], [-0.7761702281415159], [-0.45466886820588326], [1.1491263339374098], [-1.0699833241905543], [-0.6040724925272613], [-0.4913413261792967], [0.414088352464554], [-0.42670863146725935], [-0.5503215230555599], [0.06683804841140484], [-0.7178419131453573], [-0.5074381362324774], [-0.2613295067078444], [0.5508020777673324], [0.21696651638312314], [-1.3334396101098531], [-0.6100120617962075], [-0.7096511368931135], [0.727346455456207], [-1.0005771567573345], [0.6020450265003612], [0.49835015156959134], [-1.1722392915062763], [-0.4131060617106388], [0.9711281827331751], [0.6100154743102224], [-0.22942975353836847], [-0.22352724653821676], [-1.3316344588282876], [-0.1988490545133474], [-1.4898363612668963], [-0.2609527446532336], [0.808405227424021], [0.6358295061676482], [-0.730851922117371], [0.6007327877104732], [0.1880883630256197], [-1.0391147045984155], [-0.06536705182857716], [-0.40004023240477427], [-1.3345501130965893], [-0.5084555877595835], [0.5988641200212651], [-0.9046171253206052], [-0.8847510766094118], [-1.1201999132861817], [0.3296113761395391], [0.019197533537578526], [0.0877300948617159], [-0.80320891846072], [-0.1941895005831753], [-0.21757054992993027], [-0.09300599801240256], [-0.8788240620060458], [-0.14784642263282669], [0.48466781474631515], [-0.720076215428989], [-0.23554219805030646], [-0.8861437606762822], [-1.0167799541564908], [-1.4467468861714954], [-1.4883438871735304]]], "Learning_rate": {"0": 0.001}}