{"best_index": 0, "best_eval": 0.6905, "best_param": {"OPTIM.REGULARISATION": "l2", "OPTIM.ALPHA": 0.1}, "best_time": [1.0, 4.737770080566406], "param": [{"OPTIM.ALPHA": 0.1, "OPTIM.REGULARISATION": "l2"}, {"OPTIM.ALPHA": 0.5, "OPTIM.REGULARISATION": "l2"}, {"OPTIM.ALPHA": 0.9, "OPTIM.REGULARISATION": "l2"}], "results": [0.6905, 0.184, 0.189], "times": [[1.0, 4.737770080566406], [0.0, 14.53887414932251], [0.0, 9.406692504882812]]}