{"Proccess_time": [0.0, 4.03969407081604], "Weights": [[[2.4264243701982183e+27], [9.624729438953384e+26], [9.089866102357314e+26], [5.476613385766631e+26], [6.883466260270969e+26], [5.8543234612495814e+26], [2.6136988926881955e+26], [1.1689425495558018e+26], [3.968474458662914e+26], [2.566878301891228e+26], [7.752605411759659e+25], [-2.2112433315956678e+26], [-7.335568577318782e+25], [1.2896173345025943e+26], [-1.8754234917486765e+24], [-3.670249493673589e+25], [-3.9711784408612654e+26], [-3.5094297629512084e+26], [-2.2883788471675843e+26], [-7.870206061075e+25], [-1.8586605187256302e+26], [-1.0449971589170455e+26], [-4.7214733901948346e+26], [-4.8039559120371025e+26], [-4.3370084954034313e+26], [-3.3957822558147706e+26], [-2.2078008499189093e+26], [-3.0415425626142017e+26], [-1.4014761793607956e+26], [-4.82873012158337e+26], [-5.141741765540891e+26], [-5.127737607777477e+26], [-4.7940388509610666e+26], [-4.0075587120916274e+26], [-3.0229220444697646e+26], [-3.67705442842458e+26], [-1.5248998649178968e+26], [-4.5070976540793715e+26], [-4.857274433919897e+26], [-5.08376795285557e+26], [-5.150728421572394e+26], [-4.861425624028913e+26], [-4.145265219194287e+26], [-3.3076576314829395e+26], [-3.8673997219480736e+26], [-1.473814320419586e+26], [-3.8882017148012626e+26], [-4.153649767397754e+26], [-4.4884714477317876e+26], [-4.8034381321350734e+26], [-4.8722164473079226e+26], [-4.5533900062463435e+26], [-3.853347891404625e+26], [-3.138666632068827e+26], [-3.700321019169969e+26], [-1.2902780407141844e+26], [-3.0594172154883094e+26], [-3.1598726031356094e+26], [-3.5189508305641984e+26], [-3.986069049814172e+26], [-4.305413013819948e+26], [-4.300788313208705e+26], [-3.8982506849715136e+26], [-3.182380783051878e+26], [-2.587461942827738e+26], [-3.2489722701210405e+26], [-1.0065576073826677e+26], [-2.083104998807526e+26], [-1.96369882288137e+26], [-2.2901454799474785e+26], [-2.8474063609091517e+26], [-3.349319430764835e+26], [-3.589920833858135e+26], [-3.452310138634517e+26], [-2.9300248932203363e+26], [-2.183933402868841e+26], [-1.7189356707663076e+26], [-2.5738135902149008e+26], [-6.4840275745533276e+25], [-1.0061605771981227e+26], [-6.286703641497874e+25], [-8.814618505220091e+25], [-1.4852109166759663e+26], [-2.1246990918165738e+26], [-2.5669225177537806e+26], [-2.660570537329711e+26], [-2.347562522130233e+26], [-1.6860701791562713e+26], [-9.08551127885773e+25], [-5.9126368581717276e+25], [-1.7247776180067132e+26], [-2.367170373654047e+25], [1.3508063521707113e+25], [7.971326863354327e+25], [6.489770754725813e+25], [3.228332827283062e+24], [-7.113224793057369e+25], [-1.3254463739505377e+26], [-1.6295957775032618e+26], [-1.52584826307409e+26], [-1.0121199952477973e+26], [-2.0564539056778297e+25], [5.954847199265804e+25], [7.438537437019772e+25], [-7.431663705406205e+25], [2.1148772283955373e+25], [1.312119288797999e+26], [2.276422893990769e+26], [2.256832342295018e+26], [1.654611996725924e+26], [8.34706523227692e+25], [7.273389001784855e+24], [-4.268901296005924e+25], [-5.337499724227367e+25], [-2.004850415885615e+25], [5.244814362665268e+25], [1.4715893006066332e+26], [2.283075286581775e+26], [2.240865997633446e+26], [3.3681487663319927e+25], [6.824501286229574e+25], [2.502600750239642e+26], [3.7800167655818105e+26], [3.907482410061808e+26], [3.3428318625264105e+26], [2.4713661845829875e+26], [1.5838805194743133e+26], [9.034859867961866e+25], [5.865152714540618e+25], [7.1629964315337745e+25], [1.2949891975719212e+26], [2.2303140084576904e+26], [3.306992982112163e+26], [4.11294440001877e+26], [3.860003642026554e+26], [1.4868414520280208e+26]]], "Learning_rate": {"0": 0.0001, "10": 0.0001, "20": 0.0001, "30": 0.0001, "40": 0.0001, "50": 0.0001, "60": 0.0001, "70": 0.0001, "80": 0.0001, "90": 0.0001, "100": 0.0001, "110": 0.0001, "120": 0.0001, "130": 0.0001, "140": 0.0001, "150": 0.0001, "160": 0.0001, "170": 0.0001, "180": 0.0001, "190": 0.0001, "200": 0.0001, "210": 0.0001, "220": 0.0001, "230": 0.0001, "240": 0.0001, "250": 0.0001, "260": 0.0001, "270": 0.0001, "280": 0.0001, "290": 0.0001, "300": 0.0001, "310": 0.0001, "320": 0.0001, "330": 0.0001, "340": 0.0001, "350": 0.0001, "360": 0.0001, "370": 0.0001, "380": 0.0001, "390": 0.0001, "400": 0.0001, "410": 0.0001, "420": 0.0001, "430": 0.0001, "440": 0.0001, "450": 0.0001, "460": 0.0001, "470": 0.0001, "480": 0.0001, "490": 0.0001, "500": 0.0001, "510": 0.0001, "520": 0.0001, "530": 0.0001, "540": 0.0001, "550": 0.0001, "560": 0.0001, "570": 0.0001, "580": 0.0001, "590": 0.0001, "600": 0.0001, "610": 0.0001, "620": 0.0001, "630": 0.0001, "640": 0.0001, "650": 0.0001, "660": 0.0001, "670": 0.0001, "680": 0.0001, "690": 0.0001, "700": 0.0001, "710": 0.0001, "720": 0.0001, "730": 0.0001, "740": 0.0001, "750": 0.0001, "760": 0.0001, "770": 0.0001, "780": 0.0001, "790": 0.0001, "800": 0.0001, "810": 0.0001, "820": 0.0001, "830": 0.0001, "840": 0.0001, "850": 0.0001, "860": 0.0001, "870": 0.0001, "880": 0.0001, "890": 0.0001, "900": 0.0001, "910": 0.0001, "920": 0.0001, "930": 0.0001, "940": 0.0001, "950": 0.0001, "960": 0.0001, "970": 0.0001, "980": 0.0001, "990": 0.0001, "1000": 0.0001, "1010": 0.0001, "1020": 0.0001, "1030": 0.0001, "1040": 0.0001, "1050": 0.0001, "1060": 0.0001, "1070": 0.0001, "1080": 0.0001, "1090": 0.0001, "1100": 0.0001, "1110": 0.0001, "1120": 0.0001, "1130": 0.0001, "1140": 0.0001, "1150": 0.0001, "1160": 0.0001, "1170": 0.0001, "1180": 0.0001, "1190": 0.0001, "1200": 0.0001, "1210": 0.0001, "1220": 0.0001, "1230": 0.0001, "1240": 0.0001, "1250": 0.0001, "1260": 0.0001, "1270": 0.0001, "1280": 0.0001, "1290": 0.0001, "1300": 0.0001, "1310": 0.0001, "1320": 0.0001, "1330": 0.0001, "1340": 0.0001, "1350": 0.0001, "1360": 0.0001, "1370": 0.0001, "1380": 0.0001, "1390": 0.0001, "1400": 0.0001, "1410": 0.0001, "1420": 0.0001, "1430": 0.0001, "1440": 0.0001, "1450": 0.0001, "1460": 0.0001, "1470": 0.0001, "1480": 0.0001, "1490": 0.0001, "1500": 0.0001, "1510": 0.0001, "1520": 0.0001, "1530": 0.0001, "1540": 0.0001, "1550": 0.0001, "1560": 0.0001, "1570": 0.0001, "1580": 0.0001, "1590": 0.0001, "1600": 0.0001, "1610": 0.0001, "1620": 0.0001, "1630": 0.0001, "1640": 0.0001, "1650": 0.0001, "1660": 0.0001, "1670": 0.0001, "1680": 0.0001, "1690": 0.0001, "1700": 0.0001, "1710": 0.0001, "1720": 0.0001, "1730": 0.0001, "1740": 0.0001, "1750": 0.0001, "1760": 0.0001, "1770": 0.0001, "1780": 0.0001, "1790": 0.0001, "1800": 0.0001, "1810": 0.0001, "1820": 0.0001, "1830": 0.0001, "1840": 0.0001, "1850": 0.0001, "1860": 0.0001, "1870": 0.0001, "1880": 0.0001, "1890": 0.0001, "1900": 0.0001, "1910": 0.0001, "1920": 0.0001, "1930": 0.0001, "1940": 0.0001, "1950": 0.0001, "1960": 0.0001, "1970": 0.0001, "1980": 0.0001, "1990": 0.0001, "2000": 0.0001}, "Train_eval": {"0": 31.33573385621684, "10": 7.296000593601426, "20": 1698.8785442017781, "30": 59254.75174802691, "40": 5008.020068393776, "50": 63.35165449025417, "60": 56842.50243545298, "70": 331226.0178117791, "80": 35419993.47372517, "90": 996705.3366437547, "100": 13474260.676274363, "110": 3186869.963541785, "120": 16233306.310319185, "130": 27745383.449950982, "140": 930292642043.7555, "150": 9877992759.740086, "160": 178468199.94578525, "170": 79999339.12505658, "180": 46601284.117729425, "190": 40000302.63502253, "200": 11696540.861605514, "210": 29047648.96010095, "220": 809042842.7377651, "230": 64813076.32706296, "240": 20567728.72602009, "250": 1734979592.1852503, "260": 461964245.45142186, "270": 6039720.754310899, "280": 63079361.70540645, "290": 8074070.452189528, "300": 9049557603.047255, "310": 1698858418.186307, "320": 815350027.1499386, "330": 46503444.89123198, "340": 7057864.282997594, "350": 5256264.221987069, "360": 5271763.473961065, "370": 3464525.174445658, "380": 3309667.2031787187, "390": 1781000.5743370003, "400": 1851365.395607528, "410": 89563978.56982365, "420": 2174035.553259124, "430": 1272322.1624975752, "440": 12253772.683703717, "450": 646863.5296365601, "460": 10463821.04388959, "470": 258206746862.50732,