{"Step": 10, "Test_eval": 6.757960601186224, "Test_r2": -73.9967795620892, "Proccess_time": [0.0, 0.47526001930236816], "Train_eval": {"0": 31.33573385621684, "10": 7.296000593601426}, "Train_r2": {"0": -321.940577965793, "10": -85.7283452908001}, "Val_eval": {"0": 36.672372077806024, "10": 6.764521343637323}, "Weights": [[[-0.14991452735875974], [-0.7911901508274477], [-0.237489934996548], [-0.11601884500388028], [-0.37594312698454047], [0.36095081847998756], [0.9404786733635527], [-0.7884765564405114], [-0.11502272752152637], [0.35100768489864553], [0.18576710271114444], [-0.20875786132723873], [-0.1805354202138938], [0.5868867545405864], [0.14296046005641333], [-0.7535652193763208], [-0.08674045633861988], [0.8535304067503715], [0.619961196917795], [-0.801522400718422], [0.26329786227270024], [-0.9711045398404725], [0.868634894712729], [-0.7441595519000034], [0.9383690128358249], [0.9143688189126498], [-0.6377498614580331], [0.4684675145711107], [0.6967075195806692], [0.7240020257398648], [-0.009026174704086287], [0.06631022302086487], [-0.981586587007218], [0.22012042100831408], [-0.9579091611908959], [0.6258664946269731], [0.523042850640757], [0.7265314879353268], [-0.5404494093467488], [0.8539484021573015], [0.4918830578389908], [-0.6854572363123315], [0.35099993218319725], [0.12641104352945626], [-0.44463560512072653], [-0.8031001988432037], [0.6691646121379977], [-0.7402448389981892], [-0.6624928085440367], [-0.8532170859899346], [0.6373520389944796], [0.37087724296183905], [0.4983822439510129], [-0.28384963020074705], [0.6972731646712708], [-0.5201689094779415], [-0.040950564044057794], [-0.737641585237339], [0.047167728746403625], [0.720166355566939], [-0.4491729572391168], [0.07062195643658425], [-0.5395610159092048], [-0.6135373490612439], [-0.9353140215155171], [-0.5964656198681417], [-0.2005208996239673], [0.1666420407220766], [-0.8872614102037666], [0.6650256023768276], [-0.8603543185509333], [0.7950462834274759], [-0.2950142336602952], [-0.38733212947941975], [-0.3003850282697478], [0.11575398183184554], [-0.7240782384459755], [-0.5877243631323388], [0.8535597722580438], [-0.10575635778323629], [-1.068180408695588], [0.48790304630563336], [0.6775526111569553], [0.4310995889135616], [-0.5870608021699604], [0.3886644918176573], [-0.6000426264595933], [-0.025450133891816898], [-0.9064042463926842], [-0.4782905822569759], [0.549573751942122], [0.6967148525106202], [0.8083442576834048], [-0.41670065818478197], [0.42242503569474676], [-0.8535952209836987], [0.5455993405951736], [-0.3104853552349265], [-0.44718100005632994], [-0.9401542743330384], [0.6451263762201765], [-0.035340188094330136], [0.9133666113081985], [0.39727207036970763], [-0.30051294460009065], [-0.09156899820212341], [-0.8852416569374641], [0.8818882626389567], [0.18988424664333975], [0.22327916623369798], [0.7263703064896552], [-0.5545901050068279], [-0.2793301408769424], [0.16130411663222116], [0.09528671289141044], [-0.8561783839488282], [0.1679445816023594], [-0.7479984631238425], [0.7657951767312887], [0.6448007023956399], [-0.1990923231308506], [-0.5941440401954354], [-0.27140850231502517], [0.5766096327004807], [-0.7013788567231212], [-0.29119270767265487], [0.1560814120499063], [0.6497743977019075], [-0.9161030661124647], [-0.34960430082593397], [0.8517418800083633], [0.9623077944077394], [0.4676849537549921], [-0.049731833735232], [0.48942913107905905], [-0.2238526548009456]]], "Learning_rate": {"0": 0.0001, "10": 0.0001}}