{"Step": 0, "Test_eval": 51524.71777659363, "Test_r2": -571796.9327094288, "Proccess_time": [0.0, 0.2323777675628662], "Train_eval": {"0": 23.721059262301743}, "Train_r2": {"0": -247.28478243742717}, "Val_eval": {"0": 52847.6140972274}, "Weights": [[[0.4262027975296798], [2.121281905269779], [-11.215462981491822], [2.345218234453654], [-4.920161934916922], [-11.150617044551808], [3.209405274254877], [-3.7906528421690595], [-5.866335160880564], [-11.382415611951568], [2.3633822715670556], [-2.61731051362842], [-4.181718218799199], [-5.512344612115262], [-11.66500832796184], [1.3775679080982655], [-2.172600060309087], [-2.3926257258833092], [-3.6761994052818467], [-6.974083104857742], [-11.53869620897663], [1.134355033571886], [-1.0003901999749136], [-3.562479701599793], [-2.551470984809133], [-3.4349547145766], [-6.764316346482904], [-11.281625395395016], [2.7861389305004085], [-0.97968191545481], [-2.5366004300706457], [-2.9608225512166344], [-4.505428385596261], [-4.074989838230386], [-6.98089461774075], [-11.046127659569613], [2.600862558619947], [-0.8416266559608843], [-2.8465734596158114], [-1.857689311492312], [-2.5571422048859622], [-4.149498710886117], [-3.8382727651321344], [-5.7652360874166035], [-12.023973686641646], [1.2651619782597934], [-0.7830317505929874], [-2.865835317919445], [-3.133866537721766], [-3.578851989438281], [-2.3498991163348144], [-2.9887600998162673], [-3.5608086534863057], [-6.03217783359286], [-10.781764662106513], [1.5395948548535014], [-1.3911033703562534], [-2.7098074500683262], [-2.2286336852381488], [-1.7596557233276542], [-3.1128629643748242], [-2.8155878741859715], [-3.7745420831290275], [-4.53290807761307], [-6.536991066652618], [-11.971640186463084]]], "Learning_rate": {"0": 0.01}}