{"Step": 0, "Test_eval": 5120.2575016087, "Test_r2": -56821.29385620824, "Proccess_time": [0.0, 0.14624667167663574], "Train_eval": {"0": 9.859236637720777}, "Train_r2": {"0": -114.61109282335568}, "Val_eval": {"0": 5182.759979135799}, "Weights": [[[0.99391373676823], [-0.265958302917087], [-6.497583980256739], [0.48822660679006], [-4.997133380423646], [-6.482321718893597], [1.5413806882792924], [-4.308505303018588], [-6.18772277172976], [-6.727384974689972], [0.7481612903479201], [-3.1565493699032587], [-5.214989758000371], [-6.126543179228969], [-7.007456413676908], [-0.24532391346460142], [-2.6903391176061677], [-3.5292495979710377], [-5.158139501025104], [-7.832437117666462], [-6.876859759158721]]], "Learning_rate": {"0": 0.01}}