{"Step": 0, "Test_eval": 10585.417158762142, "Test_r2": -117471.15529624319, "Proccess_time": [0.0, 0.30019617080688477], "Train_eval": {"0": 21.33076559026704}, "Train_r2": {"0": -250.1636126157782}, "Val_eval": {"0": 10857.571776366418}, "Weights": [[[0.562254598332484], [0.852310132166227], [-5.269142837226374], [1.2962677710783925], [-2.534596263570128], [-4.780526280719086], [2.274368235765292], [-2.2276446226481763], [-2.909357219485747], [-4.776100572700915], [1.482364916561767], [-1.2867141156799322], [-2.2275423073490046], [-2.3516573240083622], [-4.929822114184012], [0.5188937352958019], [-0.9320669558513823], [-0.7676856693984924], [-1.597132995536832], [-3.745889891509416], [-4.737116306635526], [0.28117530073068275], [0.19258078187931393], [-2.0770575332054317], [-0.8445429585423021], [-1.334617528886922], [-3.5348881125089093], [-4.450834449526768], [1.9296603351383557], [0.17928278203435155], [-1.1262980421966304], [-1.4156434145816417], [-2.7994173234748656], [-2.0044033918225668], [-3.7846308721445086], [-4.208755175169604], [1.7367096058967009], [0.2872871914732399], [-1.4869988607400442], [-0.40017508885166886], [-1.0232925512152655], [-2.4853687950562797], [-1.8231333196719326], [-2.6199400271494016], [-5.194173853758917], [0.39135964038039806], [0.3163686840453704], [-1.5472398482466048], [-1.7347170992407495], [-2.1379327425867123], [-0.8624110418502795], [-1.3866769740262945], [-1.6132912009849127], [-2.9465907163057157], [-3.9687165225772727], [0.6554506739776582], [-0.3219010034822049], [-1.4283699749042325], [-0.8753403186766915], [-0.37983226955609184], [-1.719827211742056], [-1.3914270962544875], [-2.2433851099912117], [-2.657794056176492], [-3.5148239523684004], [-5.181579681442969]]], "Learning_rate": {"0": 0.01}}