{"Step": 0, "Test_eval": 462.8433889658849, "Test_r2": -5135.4258631445455, "Proccess_time": [0.0, 0.23923754692077637], "Train_eval": {"0": 14.664160254308744}, "Train_r2": {"0": -208.25654426054376}, "Val_eval": {"0": 475.0002313176983}, "Weights": [[[0.41010583353904806], [-0.432145858137325], [-1.2704353097058205], [0.24371946229420005], [-0.9452787536739649], [-0.662969542001455], [1.2973785715504706], [-1.0936820226522095], [-0.8757175550724398], [-0.6139684011115492], [0.5439048818905652], [-0.3796062128677661], [-0.6919198075321389], [-0.19530573563181985], [-0.7615008023738477], [-0.3919703484438476], [-0.17350598833280478], [0.4841684478728766], [0.06024026068683119], [-1.5636010572889836], [-0.5846724463871213], [-0.6057035788807954], [0.8416138825622509], [-1.0217415440779951], [0.5109720262981561], [0.3536852724294386], [-1.3678030287652858], [-0.32683588583544587], [1.0654419366196004], [0.7421828528219935], [-0.22036066651681896], [-0.27441083270034916], [-1.4199362674769744], [-0.3254976222992003], [-1.6525909379645651], [-0.12003892687590012], [0.8944583444002692], [0.7799913862435008], [-0.7008751189997315], [0.5765311221879023], [0.13436515434963225], [-1.1176202855131985], [-0.17385406603895415], [-0.532622184709084], [-1.1440836379398802], [-0.429579384037782], [0.750688836935312], [-0.8602027273332995], [-0.8905571817641811], [-1.1510454299361517], [0.28074741092446265], [-0.04856178872916728], [-0.0039936371136913285], [-0.9082588012196915], [0.04151753415275261], [-0.14498425993680603], [0.06324570933470464], [-0.8247220085889587], [-0.14100344974485646], [0.46952623306261965], [-0.7493390632651471], [-0.278041060371908], [-0.9439603754073571], [-1.093450621480305], [-1.5267235086230873], [-1.2111798213482003]]], "Learning_rate": {"0": 0.01}}