{"Proccess_time": [0.0, 0.43621230125427246], "Weights": [[[0.24526589719430913], [-1.042057088703939], [-1.9083197493222326], [-0.21547082864429576], [-1.5910205515008995], [-1.3908194421237339], [0.9402711596025913], [-1.5424691201874365], [-1.550347791991395], [-1.447467225367934], [0.2415185968781401], [-0.6970718160957161], [-1.150903939021729], [-0.9577363825570402], [-1.6902633116867187], [-0.668491038732007], [-0.4142606180400509], [0.1818959020775438], [-0.45965270776141076], [-2.4153992453689455], [-1.5976609590485664], [-0.8721264289523967], [0.6431364893820465], [-1.2243882179090728], [0.17633656369175443], [-0.23082898523663298], [-2.3013081818258794], [-1.4152024988396004], [0.8007971970177079], [0.5658091415835038], [-0.362501408017438], [-0.4862585399224937], [-1.7949906747864874], [-0.9695092442862823], [-2.659776857776125], [-1.2765846984578766], [0.6272984892449892], [0.6142211733866605], [-0.8070390042500082], [0.4425340236803266], [-0.09934321740038177], [-1.531710243817718], [-0.8714159861837731], [-1.6062741384973043], [-2.362598634966493], [-0.7013642043632401], [0.5890816069258225], [-0.9453212748436015], [-0.9759331992097273], [-1.2935799460250321], [0.023069579645991434], [-0.4984307946604615], [-0.7496834768927125], [-2.041901317065198], [-1.2333524633166044], [-0.422289805694248], [-0.09770163744777582], [-0.8977868468203383], [-0.1961874186704104], [0.38497881834909997], [-0.905362380403079], [-0.5587517007888423], [-1.4262424886853682], [-1.8824441416728828], [-2.7144505706345425], [-2.5371897690837697], [-0.1070246810636094], [0.1273499706330569], [-1.01352908462355], [0.47335600020530366], [-1.1200690732000214], [0.4492473563687278], [-0.7605287966482399], [-1.0273948856033956], [-1.2008497058189158], [-1.170473688557844], [-2.5207451574408752], [-2.5361928452815237], [0.9426334110073733], [-0.1314970303848016], [-1.1680481994541232], [0.335571780916986], [0.4736566035079465], [0.1645849138749208], [-0.9380930101536893], [-0.08273558787249685], [-1.2481826439290546], [-0.9372362744397005], [-2.2071945336632135], [-2.2894235250697745], [-1.4044525139298527], [0.7816116792057486], [0.7935435688973682], [-0.4952893307325039], [0.3010332609084071], [-1.0148729135961723], [0.3377769935147352], [-0.5792839601522508], [-0.8007133381608733], [-1.415525440310349], [-0.00942632364375695], [-0.9566276470295524], [-0.39970947802606505], [-1.425618700176238], [-2.258053844540096], [-0.010443684272512577], [-0.890852698725755], [0.821029551788907], [0.09364817502843334], [0.09564282206661376], [0.5634252454204469], [-0.7624943198184279], [-0.5482039149919045], [-0.19330528512750683], [-0.3829363932853794], [-1.5160007406259992], [-0.7614081917659459], [-2.071408596690892], [-1.066421280769629], [-1.3143406380281848], [-0.12125324378798924], [-0.5917424938639052], [-0.31703128953086573], [0.5014935261985435], [-0.8015515784265127], [-0.4186363536921621], [-0.00522095762662525], [0.4435980323953741], [-1.1839823470559745], [-0.704543372575916], [0.37135946511961454], [0.2980612015430031], [-0.4685399142248151], [-1.3817581016967238], [-1.3499062229829601], [-2.1828001031001465]]], "Learning_rate": {"0": 0.01}, "Train_eval": {"0": 27.762565513292905}, "Val_eval": {"0": 7615.451428153108}}