{"Proccess_time": [0.0, 2.74643874168396], "Weights": [[[9.401189387313806e+149], [-8.617128474339275e+150], [-4.327741737302317e+150], [-4.8154940453618464e+150], [-5.450444382367968e+150], [-4.0051504805694526e+150], [-2.3086028579972755e+150], [-2.6779637703220684e+150], [-4.043721990341953e+150], [-3.747148352822218e+150], [-8.130368044767159e+149], [-5.8522908811560805e+149], [-1.7827208301903896e+150], [-3.5690997812621356e+150], [-3.467323366561084e+150], [2.7533508752045006e+148], [7.241427797874831e+149], [-5.695267953756734e+148], [-1.6492385162737782e+150], [-3.1825799682732093e+150], [-3.0938394931194272e+150], [4.435852794961908e+149], [1.4462016630727384e+150], [1.0363896524916038e+150], [-2.2734697562970864e+149], [-1.5299412549621984e+150], [-2.6332803478888925e+150], [-2.6131935357293874e+150], [5.736118212031083e+149], [1.751039584769628e+150], [1.6313238078437222e+150], [6.447143885109307e+149], [-3.544376708585252e+149], [-1.1809621893830022e+150], [-1.8941603819858912e+150], [-2.040401281228084e+150], [5.038360013993562e+149], [1.758839697405908e+150], [1.856067004625745e+150], [1.0843373594893784e+150], [3.303106804273147e+149], [-1.9542044103832415e+149], [-5.857773189790745e+149], [-1.0075141049894886e+150], [-1.4008920641475973e+150], [2.9106469385867452e+149], [1.5537408234542851e+150], [1.8077199644252536e+150], [1.1996401254164009e+150], [6.346183563332535e+149], [3.4531578816701056e+149], [2.5762805288440416e+149], [1.9864703690720268e+149], [-2.8546660844890946e+148], [-7.213413693894452e+149], [-2.5254481268963606e+148], [1.1959173086103854e+150], [1.5585618581211463e+150], [1.0725481386112362e+150], [6.536168497893576e+149], [5.471409209989823e+149], [6.931892696902521e+149], [9.361628553957866e+149], [1.1035144246898827e+150], [9.934699628590494e+149], [-2.5527349869612695e+148], [-4.165764957466069e+149], [7.293589365063556e+149], [1.1630453251782745e+150], [7.650904538896313e+149], [4.578421182337862e+149], [4.952562172652433e+149], [8.233928436976705e+149], [1.2966482911967823e+150], [1.7607359480913336e+150], [2.0690622809439574e+150], [2.01998052403179e+150], [6.67134833279801e+149], [-8.616374122416313e+149], [1.8676053388527055e+149], [6.626752228951904e+149], [3.251430511743293e+149], [1.0081079856490119e+149], [2.5107719798541815e+149], [7.252070261333483e+149], [1.3795450050834478e+150], [2.0676901263574854e+150], [2.6632298468272957e+150], [3.0493940696434414e+150], [3.0229292068737165e+150], [1.3417276113256467e+150], [-1.3442997192979193e+150], [-4.073212556014085e+149], [8.929855766676644e+148], [-2.098753587248223e+149], [-3.755113015183363e+149], [-1.388998032955621e+149], [4.524824972170514e+149], [1.2546393393171554e+150], [2.1207941954471153e+150], [2.9312940946188812e+150], [3.5917185401169565e+150], [4.011643317589241e+150], [3.983028977415209e+150], [1.987375208443976e+150], [-1.8521870052041164e+150], [-1.0343490466707806e+150], [-5.326106873458514e+149], [-8.106049487243215e+149], [-9.376375387252452e+149], [-6.376888113588175e+149], [4.5884315472758043e+148], [9.693126814236036e+149], [1.9833328650656974e+150], [2.966493297230309e+150], [3.830439855158565e+150], [4.509204461546116e+150], [4.933547954005277e+150], [4.88781733719794e+150], [2.5965838483069317e+150], [-2.3757652640803096e+150], [-1.6803250697222856e+150], [-1.1842997439223397e+150], [-1.4540751240686574e+150], [-1.5587594882090072e+150], [-1.2151695662295804e+150], [-4.617448841458819e+149], [5.592916397628786e+149], [1.6969949627029016e+150], [2.8260706095306468e+150], [3.8553959976558954e+150], [4.7245597423527665e+150], [5.390705902603885e+150], [5.800928118178361e+150], [5.7299368166561735e+150], [3.1645665903557835e+150]]], "Learning_rate": {"0": 0.001, "10": 0.001, "20": 0.001, "30": 0.001, "40": 0.001, "50": 0.001, "60": 0.001, "70": 0.001, "80": 0.001, "90": 0.001, "100": 0.001, "110": 0.001, "120": 0.001, "130": 0.001, "140": 0.001, "150": 0.001, "160": 0.001, "170": 0.001, "180": 0.001, "190": 0.001, "200": 0.001, "210": 0.001, "220": 0.001, "230": 0.001, "240": 0.001, "250": 0.001, "260": 0.001, "270": 0.001, "280": 0.001, "290": 0.001, "300": 0.001, "310": 0.001, "320": 0.001, "330": 0.001, "340": 0.001, "350": 0.001, "360": 0.001, "370": 0.001, "380": 0.001, "390": 0.001, "400": 0.001, "410": 0.001, "420": 0.001, "430": 0.001, "440": 0.001, "450": 0.001, "460": 0.001, "470": 0.001, "480": 0.001, "490": 0.001, "500": 0.001, "510": 0.001, "520": 0.001, "530": 0.001, "540": 0.001, "550": 0.001, "560": 0.001, "570": 0.001, "580": 0.001, "590": 0.001, "600": 0.001, "610": 0.001, "620": 0.001, "630": 0.001, "640": 0.001, "650": 0.001, "660": 0.001, "670": 0.001, "680": 0.001, "690": 0.001, "700": 0.001, "710": 0.001, "720": 0.001, "730": 0.001, "740": 0.001, "750": 0.001, "760": 0.001, "770": 0.001, "780": 0.001, "790": 0.001, "800": 0.001, "810": 0.001, "820": 0.001, "830": 0.001, "840": 0.001, "850": 0.001, "860": 0.001, "870": 0.001, "880": 0.001, "890": 0.001, "900": 0.001, "910": 0.001, "920": 0.001, "930": 0.001, "940": 0.001, "950": 0.001, "960": 0.001, "970": 0.001, "980": 0.001, "990": 0.001, "1000": 0.001}, "Train_eval": {"0": 27.762565513292905, "10": 3990906.2918399656, "20": 7624308.025766914, "30": 902527577.7878271, "40": 1380892165887.4673, "50": 39724732520.53755, "60": 17563491745421.676, "70": 3065382809977418.5, "80": 1.099769253190781e+16, "90": 6.8474954839909335e+19, "100": 8.737823208119043e+28, "110": 3.678831196379982e+31, "120": 9.415987069114393e+38, "130": 9.76976304597208e+41, "140": 2.0630293006417475e+48, "150": 1.2976632739410663e+47, "160": 2.3976284830447878e+50, "170": 1.4871506226432023e+53, "180": 2.9274305436493617e+56, "190": 2.344341722963495e+55, "200": 5.341761601247953e+58, "210": 7.000954013574657e+61, "220": 8.150625183612983e+69, "230": 2.9078992818666625e+72, "240": 1.4992022655621027e+72, "250": 4.0657976784399785e+73, "260": 4.859659038225965e+80, "270": 1.3928268491736791e+86, "280": 7.252814211744198e+86, "290": 2.976415238051838e+85, "300": 1.4661097775663785e+89, "310": 1.1951572289191955e+91, "320": 1.5142588304827038e+97, "330": 1.6139714908007855e+97, "340": 3.956964826857555e+106, "350": 7.833468383261305e+113, "360": 2.603864096253645e+117, "370": 3.201192592769619e+116, "380": 3.082466244581155e+119, "390": 1.0680945241094321e+133, "400": 5.651512139828072e+133, "410": 6.009277894683085e+135, "420": 1.9489072934355447e+140, "430": 4.7012751221152836e+147, "440": 1.2067502676880792e+155, "450": 1.1482556588421808e+160, "460": 9.95967431607001e+166, "470": 4.3871611067026754e+169, "480": 1.1841489840343102e+169, "490": 7.581418112332667e+170, "500": 3.2590307421515115e+173, "510": 8.090685367899836e+174, "520": 2.0977470951473562e+174, "530": 2.8931854795899327e+177, "540": 8.111273380307796e+175, "550": 3.298415201258594e+177, "560": 2.946417635279094e+183, "570": 6.1859819001387576e+184, "580": 1.4150033634155622e+187, "590": 1.4763006569922533e+194, "600": 5.439649451977005e+198, "610": 1.349074213822933e+198, "620": 2.5023068153282516e+202, "630": 2.4584162843233984e+206, "640": 2.1451176849390004e+207, "650": 4.799138179571564e+206, "660": 3.4240616578684207e+211, "670": 1.0000950489506416e+219, "680": 4.1044965746123575e+220, "690": 2.3148112499675767e+228, "700": 3.7258343166705987e+226, "710": 1.29133945775845e+227, "720": 9.503208889292943e+226, "730": 6.088312171021839e+228, "740": 1.944384693682841e+233, "750": 3.2863401734799235e+234, "760": 5.990938687557227e+237, "770": 2.656715987471675e+241, "780": 3.636894211548149e+242, "790": 2.662501500383495e+249, "800": 2.9220221014607423e+255, "810": 1.2573120033640448e+256, "820": 1.0084605199598372e+260, "830": 1.8505785042367518e+265, "840": 1.0561477002793914e+276, "850": 9.92632635490104e+278, "860": 1.598005659684939e+279, "870": 4.46352166377564e+277, "880": 3.0907667242111045e+280, "890": 1.582139283208325e+286, "900": 3.837274902217454e+284, "910": 2.3679895054486336e+285,