{"Step": 0, "Test_eval": 38.32871472422319, "Test_r2": -424.3546800148855, "Proccess_time": [0.0, 0.47499656677246094], "Train_eval": {"0": 27.762565513292905}, "Train_r2": {"0": -242.38595708603538}, "Val_eval": {"0": 40.38201121764359}, "Weights": [[[-0.23299277164318333], [-0.9193540442737032], [-0.08425578584494087], [-0.18174394464146124], [-0.4432560897999136], [0.521310892036924], [0.9222129224721813], [-0.845164951992392], [-0.17247375563834433], [0.5021535124790669], [0.2019019849956625], [-0.23468476171398897], [-0.2472400950778129], [0.522298871367227], [0.27963258848215466], [-0.7120440309155046], [-0.08549556248094073], [0.8082542405634177], [0.5386211861351667], [-0.8775712241609734], [0.3840914631965988], [-0.9102992831455418], [0.8916991243919029], [-0.7667680083882623], [0.8748257813504499], [0.818762724503588], [-0.7259384750405736], [0.5735362279449029], [0.7725940093849051], [0.7645645800140538], [-0.012019851333047726], [0.023929154591197287], [-1.0605906877473101], [0.11169900488106298], [-1.0577245852704338], [0.7160015514579401], [0.6110488204865252], [0.7814142891024026], [-0.5268984765807907], [0.8307551212277371], [0.43386826177417775], [-0.7773358578915754], [0.23131862606625894], [0.015855962487155734], [-0.3684126079290738], [-0.705108206021887], [0.736075455773146], [-0.7125657210130208], [-0.6689577427582079], [-0.8916727089448567], [0.5669082457376198], [0.2682304640531591], [0.3688426125210752], [-0.40418126680795363], [0.7606517192958155], [-0.4137590159847052], [0.036334175278445194], [-0.697622001681247], [0.055398204023947135], [0.6991312689139906], [-0.4993261570318144], [-0.009858580710593555], [-0.6513138012319163], [-0.7517335605624722], [-1.0644928365696877], [-0.5448988454355987], [-0.08686784038988572], [0.2530965701328584], [-0.8362015805169509], [0.686422822791209], [-0.8657934314239087], [0.7632213799255299], [-0.35432260832721585], [-0.47606895490812745], [-0.41993432576126305], [-0.030080166659131796], [-0.8612451218911599], [-0.5470037830985404], [0.9735593567966327], [-0.011021027171523607], [-1.0070272812137682], [0.5213495476623576], [0.6863243148312054], [0.4158969065509568], [-0.6270612545789065], [0.32202498714518035], [-0.6956958501165442], [-0.15175218975591354], [-1.0590100843302621], [-0.6226644263126474], [0.5803373718777594], [0.8223634505943024], [0.910691188632891], [-0.34615321312727876], [0.46710519347264084], [-0.831629119220771], [0.5457164061617258], [-0.33281573121077146], [-0.49353384777069603], [-1.0127963830969702], [0.5435845015039269], [-0.1675485052055562], [0.7547322790019638], [0.246397541094899], [-0.2788924168208099], [0.03917520526089003], [-0.7757995798598699], [0.9613014450799181], [0.2451931538661981], [0.2576945536486073], [0.7408479677613055], [-0.5605050277759415], [-0.30699539002260895], [0.10989029636829341], [0.017630769678297124], [-0.9628023240493674], [0.030529532581332577], [-0.912017077448833], [0.6090581358055382], [0.6580218116071275], [-0.06370069398682646], [-0.47801758321142984], [-0.18354325785635756], [0.6420844323899713], [-0.655071906503558], [-0.2630619488610102], [0.16565466397305773], [0.6395691435172217], [-0.9478664486272932], [-0.40514408449405687], [0.7698269177586867], [0.8512498951448132], [0.3256516070321782], [-0.2185708229993714], [0.32740698974031107], [-0.2183509984978672]]], "Learning_rate": {"0": 0.001}}