{"Step": 0, "Test_eval": 0.8907758900613653, "Test_r2": -8.885426537471924, "Proccess_time": [0.0, 0.20548415184020996], "Train_eval": {"0": 0.6734437309048629}, "Train_r2": {"0": -7.36179504080533}, "Val_eval": {"0": 0.9193991299419636}, "Weights": [[[-0.2860018533348851, -0.8609471970509095, 0.12999706511950032, -0.1738134106515673, -0.31524863327837616], [0.7372104067624164, 0.8737760717403138, -0.6845994714848685, -0.03544496853932365, 0.7398784089774605], [0.19902064487207585, -0.19664231197018978, 0.09301640917276285, 0.7408232657269254, 0.5177474109874797], [-0.7132777223008308, -0.08962748899328898, 0.970255883612596, 0.6265099070206389, -0.6835350783405485], [0.6070046460389988, -0.933396614504624, 1.1977294399843676, -0.6639718696966438, 0.9788020625433544], [0.9364851804495317, -0.5690197375535538, 0.9997523833515054, 0.8178322380113422, 0.7993500704413831], [0.030465322852084843, 0.04623681881143005, -0.8848633632647028, 0.20367075680095528, -0.8560899087613351], [0.9403110649574064, 0.5952440487138341, 1.0649956403753842, -0.4530463750394233, 0.9010719139244338], [0.49504860690091085, -0.7067282850343315, 0.6144156818869826, 0.2523212944698728, -0.12799333536008137], [-0.7047066931352926, 0.7333241161580565, -0.5161753608796491, -0.5937958571605486, -0.8383170088604259], [0.6307522452756164, 0.3238045844134165, 0.5858473505003334, -0.2540336361999715, 1.0056931991998241], [-0.409885992455231, 0.04116034095405338, -0.4244856249556061, 0.11871573452240279, 0.7611972630636176], [-0.4520430777940579, 0.04356467248372003, -0.30806567942069896, -0.5749048351615194, -0.8607826145629179], [-0.3220984609695658, -0.09593127150445574, 0.4898639231782599, -0.7661679166274985, 0.7236003917019252], [-0.8369265888306753, 0.7796474193420829, -0.16961853726317058, -0.3809062339888992, -0.32708090415028346], [0.09990423344962315, -0.7029671462734903, -0.23601576200591382, 0.9426923237094175, 0.025425287926218898], [-0.986262891706207, 0.5344346109934268, 0.9470988023221321, 0.473188931820735, -0.5657640863922693], [0.3692362833672214, -0.6385338787749906, 0.18167740288875417, -0.8860725774098224, -0.41662966678076097], [0.8025190404258771, 0.8210620187196098, 1.1469276066073197, -0.28245646884879916, 0.5005966823922815], [-0.81018310093469, 0.5586570735206537, -0.12093163049603092, -0.41697118886666085, -0.9582516222026385], [0.6054912957700096, -0.09716557235550315, 0.9957231891489408, 0.4595207730801383, -0.05468904746678059]], [[-0.0032166920511323555], [-0.7846007518970983], [0.9088888037157589], [0.30390399250267064], [0.22121019933342553]]], "Learning_rate": {"0": 0.001}}