{"Step": 0, "Test_eval": 427966.8696913016, "Test_r2": -4749381.081405161, "Proccess_time": [0.0, 0.5118844509124756], "Train_eval": {"0": 34.72880364678379}, "Train_r2": {"0": -362.2920672068152}, "Val_eval": {"0": 437478.107960717}, "Weights": [[[-0.7354795811016266], [-2.588455954388433], [-5.458213385699729], [-2.317384032826631], [-5.107383271358957], [-5.487803817794122], [-1.6363792173483607], [-5.371519562517971], [-5.56790740424378], [-5.807599750070017], [-2.731984013199761], [-4.932174090328818], [-5.440969364050478], [-5.1657231343640095], [-6.195915970230797], [-3.980054515641333], [-5.027921282166375], [-4.480612004505394], [-4.904867840387921], [-6.709337197351399], [-6.189589332283386], [-4.476018384076523], [-4.31023429772262], [-6.2431050846559835], [-4.6137954773419185], [-4.735293630414703], [-6.638867531047386], [-6.059592555275728], [-3.0581895220795996], [-4.6913032637926815], [-5.707207826362493], [-5.613047904142798], [-6.623376190235382], [-5.4993871413752045], [-7.021378020910907], [-5.952537377438806], [-3.4554259909188736], [-4.914589731820836], [-6.4480899022902864], [-4.997282818006854], [-5.248909260441225], [-6.36999599749133], [-5.413817641584209], [-5.981936739862911], [-7.056565413403043], [-4.980846969595495], [-5.182762667142617], [-6.855181944366924], [-6.7041657129433805], [-6.74561819848637], [-5.124346111627844], [-5.337844438625213], [-5.299564450707888], [-6.426301529019874], [-5.9363298259005175], [-4.875023364813533], [-6.086775379283368], [-7.0509290996971155], [-6.188955505444614], [-5.348813066899241], [-6.3467800290756005], [-5.697815073306391], [-6.264758086703225], [-6.4380808669977805], [-7.10484533131987], [-7.243145592934479], [-4.7123767090290904], [-6.055656338065175], [-7.386276743359485], [-5.76098743439109], [-7.114597823239096], [-5.268435787229315], [-6.186685148718618], [-6.157985825536628], [-6.038982061281211], [-5.731780427160451], [-6.915977477243151], [-7.241104200100483], [-3.7971475583104777], [-6.487390348577631], [-7.738501000707856], [-6.1184300438768755], [-5.760665411258142], [-5.810580665612453], [-6.635894322219856], [-5.494670376836291], [-6.37226441826774], [-5.7766067767316045], [-6.775022486861043], [-6.689370317961705], [-6.105678719710272], [-4.076513130514558], [-5.716232207042777], [-7.243273361679131], [-6.351901262102299], [-7.468448559013224], [-5.875507531924395], [-6.531697864062268], [-6.480306664645495], [-6.8160965210346465], [-5.129766411594236], [-5.79943712127986], [-4.975498082675921], [-5.830841510010981], [-6.953910238741244], [-4.972653300184102], [-7.537357177658007], [-6.085977498767316], [-6.738803268803831], [-6.557374875322865], [-5.868514545540538], [-6.9514017084787625], [-6.479802261904794], [-5.858039948948777], [-5.775640250173562], [-6.635748437961731], [-5.610203909998986], [-6.656972500290594], [-5.477924871401507], [-6.0038011821935635], [-5.174879491019631], [-7.359494510768661], [-7.36613623544188], [-6.4924301846663575], [-7.63518104102129], [-7.050128021971717], [-6.412002593857661], [-5.722869933830204], [-7.09831535120314], [-6.358330201411952], [-5.017254953507004], [-4.824459689790412], [-5.32607764580657], [-5.979135558080777], [-5.7689639496644975], [-6.865286962593513]]], "Learning_rate": {"0": 0.01}}