{"Step": 0, "Test_eval": 97.24908471251024, "Test_r2": -1078.2262043550336, "Proccess_time": [0.0, 0.24634003639221191], "Train_eval": {"0": 9.646419499354934}, "Train_r2": {"0": -166.34029042704887}, "Val_eval": {"0": 98.0466815822991}, "Weights": [[[0.10549056330230466], [-0.6573033059377402], [-1.1086495829456982], [0.10429968225956804], [-1.235381377589548], [-0.5087105305181325], [1.2153673390556354], [-1.446030358947687], [-1.1260815502574613], [-0.5032477765592966], [0.4947304909728089], [-0.7075946636099766], [-1.0180419795474092], [-0.46660343488651956], [-0.6881945455701217], [-0.4249161525608978], [-0.4633700701840752], [0.188630886613518], [-0.27826542665413756], [-1.8623623460524752], [-0.5411124857926084]]], "Learning_rate": {"0": 0.01}}