{"Step": 0, "Test_eval": 5830.917881611052, "Test_r2": -64707.8802108537, "Proccess_time": [0.0, 0.4065823554992676], "Train_eval": {"0": 31.33573385621684}, "Train_r2": {"0": -321.940577965793}, "Val_eval": {"0": 6000.427955312779}, "Weights": [[[-0.29261384663361245], [-0.9863227663949455], [-0.9371995841439897], [-0.3177717243035416], [-0.9711377801920248], [-0.4542416641061149], [0.716735741419313], [-1.2988783570842628], [-0.8359504933353193], [-0.5315503426747397], [-0.06312647600822208], [-0.6996041367603195], [-0.8005959431550864], [-0.19745070492472383], [-0.782910724180232], [-1.0267885200645173], [-0.5808313635097538], [0.2674801402328094], [-0.052785750078173876], [-1.6238620712017937], [-0.6916942826981918], [-1.2664530413327033], [0.36323866670557725], [-1.3239998552530134], [0.30914710208367036], [0.2117229427185986], [-1.4851730703363502], [-0.5065477564428531], [0.38184034082249835], [0.20487784559681665], [-0.593907237375458], [-0.5502497015444282], [-1.6337012640871316], [-0.5015947578920443], [-1.8229725640823355], [-0.36306101674556723], [0.1912671000520038], [0.19361288923806286], [-1.1346803819527835], [0.23671845710551487], [-0.1427453023040206], [-1.3513210308355341], [-0.3839992285563658], [-0.7516383634104906], [-1.4432423399480088], [-1.149334499965409], [0.12341150653421717], [-1.3450317820139752], [-1.285961427311079], [-1.4851901580504154], [-0.007273477696758901], [-0.3041638781718762], [-0.24653840135624205], [-1.1718045392380587], [-0.30801128736809513], [-0.8786341840780668], [-0.5981444632138947], [-1.3527376880140214], [-0.5845051058903498], [0.08437196956363824], [-1.0884938966036266], [-0.5801848719026148], [-1.221322385016987], [-1.3663011264725795], [-1.831049101392542], [-1.606257399272286], [-0.5692281845919903], [-0.40044992161659754], [-1.5117333020527646], [0.024927569837080332], [-1.5024783851644337], [0.15388341356973523], [-0.9383372616388161], [-1.0424227620100868], [-0.9874831573010572], [-0.643509022270622], [-1.6260796087754428], [-1.600426252153203], [0.4763664393289123], [-0.6811986181622047], [-1.7007894464925044], [-0.15998211825179642], [0.028548420887026804], [-0.21481182085665884], [-1.2305470535050462], [-0.2571104989739972], [-1.2584649364502178], [-0.7170877543771516], [-1.671267979708447], [-1.3854515453578167], [-0.46484339263981367], [0.3125741966511262], [0.22603059516496748], [-1.0561030416360482], [-0.23219923472590087], [-1.509045737204271], [-0.10585042767550401], [-0.9573382156077034], [-1.091663203486127], [-1.5876994772272806], [-0.016174425740638765], [-0.7310586167124898], [0.14351825897541226], [-0.5142211718404659], [-1.315737344613293], [-0.4813155003418844], [-1.4730531988640914], [0.23703335161328687], [-0.4702608384419813], [-0.43769914086928097], [0.06966915033013987], [-1.2057766516750807], [-0.9259456147096339], [-0.48366828613552304], [-0.5537951325756124], [-1.5201815452416536], [-0.5315997494228204], [-1.5224003181792964], [-0.14939921893058983], [-0.370530341550114], [-0.5932793738886243], [-1.1862008974683231], [-0.9204363480497938], [-0.08779970783152624], [-1.3667507582059293], [-0.952319019413447], [-0.49925993017378034], [-7.373184688175272e-05], [-1.5620954524438644], [-0.9949798203782606], [0.20111487012219065], [0.29561936230544383], [-0.23555632289003559], [-0.8283800891574968], [-0.42897561458418054], [-1.238741647440201]]], "Learning_rate": {"0": 0.001}}