{"Step": 0, "Test_eval": 21.273771224677834, "Test_r2": -235.08665766879852, "Proccess_time": [0.0, 0.1391444206237793], "Train_eval": {"0": 2.3966621513506956}, "Train_r2": {"0": -23.095082317035477}, "Val_eval": {"0": 21.681150200940873}, "Weights": [[[1.6134380455019002], [1.3696892971612002], [-1.6187847411769827], [2.0737966085738533], [0.2283382112259511], [-1.1884773017575314]]], "Learning_rate": {"0": 0.01}}