{"Step": 0, "Test_eval": 55.95752234110536, "Test_r2": -619.9911858793504, "Proccess_time": [0.0, 0.43184542655944824], "Train_eval": {"0": 21.33076559026704}, "Train_r2": {"0": -250.1636126157782}, "Val_eval": {"0": 57.6572227911471}, "Weights": [[[-0.20129390152936583], [-0.7299173221866865], [-0.420338094635355], [-0.030570084669192393], [-0.5376136610068365], [0.18234020817738883], [1.0556226300884515], [-0.913682502238466], [-0.30837469838777953], [0.16929017774576893], [0.3259866169640252], [-0.2936489916724106], [-0.3549039319105405], [0.38290677722209476], [-0.04432329176757477], [-0.5933055535127237], [-0.13727619626207388], [0.7132960834158141], [0.42487315735762454], [-1.0106202887750204], [0.0701459284379029], [-0.7949691101772338], [0.8466435536416297], [-0.8520349399178982], [0.7727378291270443], [0.7083838701385591], [-0.8492964681088767], [0.269973032876186], [0.8854803231969699], [0.7259119440591386], [-0.08839951475096695], [-0.0690093328747175], [-1.161033352616148], [0.008209590127434496], [-1.1702099867072722], [0.42278450378676735], [0.7219899321516964], [0.7487208909110606], [-0.5948944622297944], [0.7464842099745375], [0.3414733283926894], [-0.8727017130154316], [0.136146892717443], [-0.08551062637805401], [-0.6515701298083163], [-0.5958358215475231], [0.7088041634851008], [-0.7727575783533212], [-0.7448361327613101], [-0.9761079886010248], [0.47836018358799265], [0.17940584611657584], [0.2824818401118552], [-0.49465020673200544], [0.4871153133697487], [-0.3059849680175146], [0.013914238675002286], [-0.7506803144896363], [-0.012517085976680983], [0.6226501601234714], [-0.5807726401657121], [-0.09312612025715808], [-0.7330280633625006], [-0.829268552012833], [-1.1445301747430736], [-0.8093378366715187]]], "Learning_rate": {"0": 0.001}}