{"Proccess_time": [0.0, 0.40668177604675293], "Weights": [[[-0.3509448527099821], [-1.711744309916363], [-10.437757732312722], [-1.5757486252650994], [-6.869837455422012], [-11.146345003554122], [-1.1145006509260924], [-6.079603171106143], [-8.185115168961145], [-11.784505776905998], [-2.4087660131607054], [-5.346265566559021], [-6.684462419794464], [-8.15523214547655], [-12.315696438310585], [-3.8159359302221336], [-5.367618628328182], [-5.22584510122854], [-6.373722069894816], [-9.878307715777147], [-12.355518417996473], [-4.433664010824011], [-4.64146808748121], [-6.7967066865565835], [-5.480450228976042], [-6.301226803086527], [-9.893654134783645], [-12.21604234271716], [-3.1067394886063595], [-5.031058202588867], [-6.181375268441541], [-6.228047101278749], [-7.526096438184703], [-7.102446872017355], [-10.312256645895143], [-12.067210380492952], [-3.570518715100224], [-5.263792825256738], [-6.884858057969938], [-5.497832617541896], [-5.865478858182366], [-7.271561973257305], [-7.0245945324100205], [-9.281217397473768], [-13.110895955155843], [-5.14362714379846], [-5.537557885463466], [-7.269981884853145], [-7.14597004473844], [-7.228754437080619], [-5.718747654697796], [-6.222374216910815], [-6.903493615665885], [-9.718134041366248], [-11.919982529955712], [-5.0710414866278635], [-6.442488022371174], [-7.4489437101480815], [-6.595220517813379], [-5.7626141751544235], [-6.797039776121202], [-6.262014612709056], [-7.1263283265360755], [-8.028119800773958], [-10.380013218863088], [-13.150775307450642], [-4.930628123084656], [-6.408114946861502], [-7.768846299981687], [-6.141596529335983], [-7.48691861060527], [-5.644132307189219], [-6.600675329764243], [-6.690932956622987], [-6.876338021216857], [-7.304762244672746], [-10.169090026283705], [-13.070417535828152], [-4.029295763669831], [-6.8332729402916135], [-8.105669852241487], [-6.477744878224554], [-6.10410233593384], [-6.142502360201235], [-6.972950999415086], [-5.874090449064273], [-6.875873507265792], [-6.590591920652081], [-8.329773487445065], [-9.917294715521468], [-11.856260159105583], [-4.316280860226014], [-6.053062365781866], [-7.594787615820199], [-6.692011021077011], [-7.789039093431173], [-6.177891344857563], [-6.824508804121569], [-6.7820068953151855], [-7.164556381613453], [-5.607015596089415], [-6.591728762098889], [-6.511849678291581], [-9.031805829529887], [-12.626503122464927], [-5.2153507403002575], [-7.863388888767969], [-6.421651382877405], [-7.060891748053361], [-6.85829412311227], [-6.148362928891209], [-7.2152105588098205], [-6.737706161862153], [-6.128891110165672], [-6.097195415824475], [-7.089792952548862], [-6.382701011807476], [-8.175241003995527], [-8.650994828130909], [-11.599862169600598], [-5.417040042805967], [-7.6735756364328385], [-7.685962191465228], [-6.797347876016432], [-7.918340095450227], [-7.31120705921653], [-6.654366899095006], [-5.952830721245661], [-7.326272385221686], [-6.602900731417953], [-5.315761011245347], [-5.25824412685069], [-6.080619213446954], [-7.4798507632779785], [-8.913732266227875], [-12.386706592523485]]], "Learning_rate": {"0": 0.01}, "Train_eval": {"0": 31.33573385621684}, "Val_eval": {"0": 648128.3621955424}}