{"Step": 0, "Test_eval": 3.039978500372043, "Test_r2": -32.73630166264565, "Proccess_time": [0.0, 0.1765275001525879], "Train_eval": {"0": 2.537739970667842}, "Train_r2": {"0": -24.887794671247875}, "Val_eval": {"0": 3.08744127175276}, "Weights": [[[0.7712415776553612], [0.3279999313995656], [-0.6932148588822493], [1.072613484521344], [0.0501868653118841], [-0.18519124713287594]]], "Learning_rate": {"0": 0.01}}