{"Step": 10, "Test_eval": 0.10382520800055481, "Test_r2": -0.15220503594514834, "Proccess_time": [0.0, 0.2643272876739502], "Train_eval": {"0": 0.22419281455726126, "10": 0.09085662849396385}, "Train_r2": {"0": -1.783683742114941, "10": -0.3220583792097662}, "Val_eval": {"0": 0.22279912116396783, "10": 0.10590265628222362}, "Weights": [[[-0.06317276274478834, -0.1619787178691125, 0.1589010086058818, -0.04607361918660674, -0.03756561354927161], [0.1593733032292085, 0.27278662490879957, -0.1724956480116623, -0.053060297158137794, 0.1568122256227839], [0.04215045731073485, 0.08413052248580898, -0.08052483336661524, 0.08190478160501309, 0.09766180211213721], [-0.15723399456908801, 0.06719497384797214, 0.18901826127497984, 0.09047806989186498, -0.15393223527440947], [0.13045917272810392, -0.012468113321995843, 0.1822407515630756, -0.251289156145734, 0.20429590028735076], [0.20311276943241782, 0.024356890548471913, 0.13110799612346064, 0.09205375567046933, 0.1619493089795796], [0.0050670382083685414, 0.0964195526856859, -0.21440158670733334, -0.00016550055124816415, -0.19145752063722163], [0.20318178349046365, 0.32040683556951377, 0.16769502976845724, -0.20290914396903156, 0.18981424827573112], [0.10617005216254295, 0.07203978616003594, 0.05634647531507459, -0.06609336316136136, -0.0360335451887856], [-0.15499365796452821, 0.3190494413829953, -0.1842477040635613, -0.21774191744180774, -0.19266871229114219], [0.13609672598112113, 0.1544580234146524, 0.10750458287222155, -0.09773031205981692, 0.21487326424840497], [-0.0913873158316728, 0.1916763505326026, -0.14955401600398852, -0.0733764816185805, 0.16034180770777526], [-0.10052736896525366, 0.24154069340197848, -0.13385241441054602, -0.24845751632085109, -0.19374990927815772], [-0.07199294972381534, 0.22179604665178831, 0.039064049505898736, -0.29352379917756516, 0.15156823633032118], [-0.1838125924877172, 0.334043300723068, -0.09485638367686534, -0.17094813404106118, -0.07885479328748973], [0.020307222602778906, -0.073025265579439, -0.07129952142357861, 0.16582358182986814, 0.000949462082324531], [-0.2170757655723637, 0.28966942382719135, 0.15468472577579068, 0.009207146269074252, -0.1287235885265018], [0.07875862580462407, 0.08538199421760585, -0.020018614018902224, -0.3126748071976169, -0.09584436083064188], [0.17341044393621763, 0.4318039271041909, 0.1905366700323295, -0.19247068537986814, 0.10467650030411993], [-0.1783636439414438, 0.37256851462242424, -0.08331535163931711, -0.21864622867332528, -0.21384982907996397], [0.13098672377369963, 0.14439157094090221, 0.1709769318902649, 0.013806906184087659, -0.017664223493828714]], [[-0.012671775801404194], [-0.39616981231471105], [0.446962738579467], [0.12834518740750947], [0.09047098998759076]]], "Learning_rate": {"0": 0.001, "10": 0.001}}