{"Step": 10, "Test_eval": 0.1518703423697688, "Test_r2": -0.6853881312544674, "Proccess_time": [0.0, 0.2588484287261963], "Train_eval": {"0": 0.26409789964717484, "10": 0.15037910349013653}, "Train_r2": {"0": -2.27916410267812, "10": -1.1881722569134925}, "Val_eval": {"0": 0.22498052121201043, "10": 0.1542612205760473}, "Weights": [[[-0.08724949914095802, 40.16640005223208, 0.1571426586543589, -0.31644355821207376, -0.06780926941119604], [0.22607121545692396, 25.672761867212223, -0.22446700173485953, -0.2320062682937421, 0.22986330856402934], [0.05947934001418891, 17.482287736124288, -0.1115599020313844, -0.0536278156232175, 0.14222225614051062], [-0.22166118274993812, 26.111639446698682, 0.28750833903904915, -0.03659922302254137, -0.20965124599638593], [0.1851528270146947, 42.691555445786214, 0.26544607566900025, -0.6715111848626485, 0.29574738134575695], [0.2872247496907925, 21.71012587739326, 0.18905357222257455, -0.07147912131753148, 0.2339224231628527], [0.007859392550938517, 25.716807810129666, -0.28310333709102214, -0.163347153017277, -0.2630071316263896], [0.28814065411831585, 44.00292566978108, 0.24289529562423412, -0.6098808758856096, 0.2746647516312091], [0.15075988343458205, 44.36751239939711, 0.08134132515109722, -0.4464270021102668, -0.0446637739035155], [-0.21906560567719538, 24.123832448214014, -0.2567425980232676, -0.5265049008744737, -0.2671836035046988], [0.19313748878023237, 24.74757229525098, 0.17198017976227048, -0.2957155496788159, 0.3113635234726483], [-0.12842930567895017, 41.14950811552439, -0.20768595129701353, -0.4146570910740903, 0.23231373335978905], [-0.1414124327197786, 45.3411654707211, -0.1926266938882989, -0.719188823853818, -0.2687545088005265], [-0.10118021265281646, 43.97046034928074, 0.052699430109080576, -0.7810419259031725, 0.2203234763714753], [-0.2596927901601342, 24.986768264933072, -0.13063413632867218, -0.46843172089837076, -0.10607000646733054], [0.029350678457822098, 23.144291148806822, -0.08102247738574586, 0.08428249983891206, 0.008610462862667942], [-0.30620758180547736, 37.85433734916135, 0.22129257596804344, -0.2810614563195511, -0.17699466016955331], [0.11214961814347638, 41.634169380740445, -0.035110042244335005, -0.7984138362587195, -0.13121742833298045], [0.2459808562977019, 44.39861188037321, 0.26007435748662483, -0.6557641188483184, 0.15269721187101698], [-0.2515821459691714, 42.936683909867654, -0.1235137996591971, -0.6777748808056168, -0.29674200426750624], [0.18559953456983364, 24.86970430816809, 0.24481589580462168, -0.20980324566687403, -0.019521586510060477]], [[0.005270761304604897], [-0.43833511082800386], [0.619158149294773], [0.13030243975676267], [0.1456210546735696]]], "Learning_rate": {"0": 0.001, "10": 0.001}}