{"Step": 0, "Test_eval": 887.7489332533144, "Test_r2": -9850.834744640591, "Proccess_time": [0.0, 0.1595754623413086], "Train_eval": {"0": 8.489460429508457}, "Train_r2": {"0": -112.06789821448243}, "Val_eval": {"0": 898.5627040802846}, "Weights": [[[-0.11936995205655099], [-0.661981051087752], [-2.9070424037800047], [0.3188446235561049], [-2.552133897922424], [-2.5789448924189076], [1.5777932424059644], [-2.2823922044969964], [-2.8996368369572725], [-2.688463744663861], [0.9594232711078253], [-1.2533052878843391], [-2.321740723287719], [-2.4456358248852044], [-2.9077038832129336], [0.11276210193685265], [-0.8139294997963628], [-0.800943902231573], [-1.8145697783143333], [-3.930795359821959], [-2.7517083832577702]]], "Learning_rate": {"0": 0.01}}