{"best_index": 0, "best_eval": 0.014066589507528073, "best_param": {"OPTIM.REGULARISATION": "l1", "OPTIM.LR": 0.0001, "OPTIM.BATCH_SIZE": 120, "OPTIM.ALPHA": 0.1, "DATA.FRANKIE.P": 10}, "best_time": [8.0, 18.219194412231445], "param": [{"DATA.FRANKIE.P": 10, "OPTIM.ALPHA": 0.1, "OPTIM.BATCH_SIZE": 120, "OPTIM.LR": 0.0001, "OPTIM.REGULARISATION": "l1"}, {"DATA.FRANKIE.P": 10, "OPTIM.ALPHA": 0.5, "OPTIM.BATCH_SIZE": 120, "OPTIM.LR": 0.0001, "OPTIM.REGULARISATION": "l1"}, {"DATA.FRANKIE.P": 10, "OPTIM.ALPHA": 0.9, "OPTIM.BATCH_SIZE": 120, "OPTIM.LR": 0.0001, "OPTIM.REGULARISATION": "l1"}], "results": [0.014066589507528073, 0.014066589507528073, 0.014066589507528073], "times": [[8.0, 18.219194412231445], [8.0, 6.961372137069702], [8.0, 6.400552988052368]]}